MESTNA OBČINA CELJE,Branko Verdev,OBČINSKA ORGANIZACIJA SOCIALNIH DEMOKRATOV CELJE - KONVENCIJA
MESTNA OBČINA CELJE,Matjaž Železnik,MO SDS CELJE
MESTNA OBČINA CELJE,Bojan Šrot,CELJSKA ŽUPANOVA LISTA SLOVENIJE
MESTNA OBČINA CELJE,Mateja Žvižej,"LEVICA, LO CELJE"
MESTNA OBČINA CELJE,Sandi Sendelbah,"FRANC PUSAR IN SKUPINA VOLIVCEV ZA ""ODPRTO CELJE"""
MESTNA OBČINA CELJE,Marko Zidanšek,IO MO SLOVENSKA LJUDSKA STRANKA CELJE
MESTNA OBČINA CELJE,Matevž Vuga,ZBOR ČLANIC IN ČLANOV LOKALNEGA ODBORA SMC CELJE
MESTNA OBČINA KOPER,Aleš Bržan,LAB - LISTA ALEŠA BRŽANA
MESTNA OBČINA KOPER,Marko Brecelj,AKACIJE
MESTNA OBČINA KOPER,Valter Krmac,OLJKA
MESTNA OBČINA KOPER,Olga Franca,BARBARA VERDNIK IN SKUPINA VOLIVCEV
MESTNA OBČINA KOPER,Nevio Miklavčič,SLS - SLOVENSKA LJUDSKA STRANKA
MESTNA OBČINA KOPER,Boris Popovič,KJN - KOPER JE NAŠ
MESTNA OBČINA KOPER,Zlatko Gombar,DD - DOBRA DRŽAVA
MESTNA OBČINA KOPER,Alan Medveš,LEVICA
MESTNA OBČINA KOPER,Gašpar Gašpar Mišič,GAŠPAR GAŠPAR MIŠIČ IN SKUPINA VOLIVCEV
MESTNA OBČINA KOPER,Viktor Markežič,SMC - STRANKA MODERNEGA CENTRA
MESTNA OBČINA KOPER,Silvano Radin,SDS - SLOVENSKA DEMOKRATSKA STRANKA
MESTNA OBČINA KOPER,Danijel Sertič,NSI - NOVA SLOVENIJA - KRŠČANSKI DEMOKRATI
MESTNA OBČINA KOPER,Marijan Križman,SD - SOCIALNI DEMOKRATI
MESTNA OBČINA KRANJ,Ivo Bajec,Eva Bajec in skupina volivcev
MESTNA OBČINA KRANJ,Zoran Stevanović,Robert Kranjec in skupina volivcev
MESTNA OBČINA KRANJ,Iztok Purič,Stranka Alenke Bratušek in Več za Kranj
MESTNA OBČINA KRANJ,Bogomir Šubelj,SNS - SLOVENSKA NACIONALNA STRANKA
MESTNA OBČINA KRANJ,Robert Nograšek,LMŠ - LISTA MARJANA ŠARCA
MESTNA OBČINA KRANJ,Primož Terplan,SMC - STRANKA MODERNEGA CENTRA
MESTNA OBČINA KRANJ,Matjaž Rakovec,SD - SOCIALNI DEMOKRATI
MESTNA OBČINA KRANJ,Barbara Gunčar,SLRP - STRANKA ZA ENAKOMEREN LOKALNI RAZVOJ IN PODJETNOST
MESTNA OBČINA LJUBLJANA,Mihael Rihar,Kongres stranke Naprej Slovenija
MESTNA OBČINA LJUBLJANA,Smiljan Mekicar,DOBRA DRŽAVA
MESTNA OBČINA LJUBLJANA,Jožef Jarh,Občinski odbor Stranke enakopravnih dežel - SED
MESTNA OBČINA LJUBLJANA,Dragan Matić,ZBOR ČLANOV SMC LJUBLJANA
MESTNA OBČINA LJUBLJANA,Milan Jakopovič,LEVICA
MESTNA OBČINA LJUBLJANA,Tomaž Ogrin,ZELENI SLOVENIJE - ZBOR ČLANOV
MESTNA OBČINA LJUBLJANA,Matjaž Bidovec,SOCIALISTIČNA PARTIJA SLOVENIJE
MESTNA OBČINA LJUBLJANA,Anže Logar,KONFERENCA MO SDS LJUBLJANA
MESTNA OBČINA LJUBLJANA,Marko Koprivc,VOLILNA KONVENCIJA - OBČINSKE ORGANIZACIJE LJUBLJANA SOCIALNI DEMOKRATI-SD
MESTNA OBČINA LJUBLJANA,Zoran Janković,JOŽE MERMAL S SKUPINO VOLIVCEV
MESTNA OBČINA MARIBOR,Aleksander Saša Arsenovič,SMC - STRANKA MODERNEGA CENTRA
MESTNA OBČINA MARIBOR,Melita Petelin,BOŽIDAR KASTELIC IN SKUPINA VOLILCEV
MESTNA OBČINA MARIBOR,Zdravko Luketič,NSI - NOVA SLOVENIJA - KRŠČANSKI DEMOKRATI
MESTNA OBČINA MARIBOR,Matic Matjašič,LMP - LISTA MLADIH. POVEZUJEMO
MESTNA OBČINA MARIBOR,Uroš Prikl,DESUS - DESUS - DEMOKRATIČNA STRANKA UPOKOJENCEV SLOVENIJE
MESTNA OBČINA MARIBOR,Andrej Šiško,ZSI - GIBANJE ZEDINJENA SLOVENIJA
MESTNA OBČINA MARIBOR,Zdenko Vinkov,SSN - STRANKA SLOVENSKEGA NARODA
MESTNA OBČINA MARIBOR,Borut Ambrožič,SMSR - STRANKA MEDGENERACIJSKE SOLIDARNOSTI IN RAZVOJA
MESTNA OBČINA MARIBOR,Igor Jurišič,SMS - STRANKA MLADIH - ZELENI EVROPE
MESTNA OBČINA MARIBOR,Igor Domanjko,LNBP - LISTA NOVINARJA BOJANA POŽARJA
MESTNA OBČINA MARIBOR,Josip Rotar,LKP - LISTA KOLESARJEV IN PEŠCEV
MESTNA OBČINA MARIBOR,Alenka Iskra,SD - SOCIALNI DEMOKRATI
MESTNA OBČINA MARIBOR,Lidija Divjak Mirnik,ALEŠ MIRNIK IN SKUPINA VOLIVCEV
MESTNA OBČINA MARIBOR,Franc Kangler,NLS - LISTA FRANCA KANGLERJA - NOVA LJUDSKA STRANKA SLOVENIJE
MESTNA OBČINA MARIBOR,Aleksander Kamenik,SAK - STRANKA ALEKSANDRA KAMENIKA
MESTNA OBČINA MARIBOR,Rok Zalar,ZELENI SLOVENIJE
MESTNA OBČINA MARIBOR,Andrej Fištravec,DDR. MATJAŽ MULEJ IN SKUPINA VOLIVCEV
MESTNA OBČINA MARIBOR,Vladimir Šega,LEVICA
MESTNA OBČINA MURSKA SOBOTA,Bojan Petrijan,SDS - SLOVENSKA DEMOKRATSKA STRANKA
MESTNA OBČINA MURSKA SOBOTA,Aleksander Jevšek,SD - SOCIALNI DEMOKRATI
MESTNA OBČINA NOVA GORICA,Matej Arčon,dr. BRANKO MARUŠIČ IN SKUPINA VOLIVCEV
MESTNA OBČINA NOVA GORICA,Elena Zavadlav Ušaj,SDS - SLOVENSKA DEMOKRATSKA STRANKA
MESTNA OBČINA NOVA GORICA,Sebastjan Komel,SD - SOCIALNI DEMOKRATI
MESTNA OBČINA NOVA GORICA,Miran Műllner,ZVEZA ZA PRIMORSKO - ZZP
MESTNA OBČINA NOVA GORICA,Klemen Miklavič,LUKA MANOJLOVIĆ IN SKUPINA VOLIVCEV
MESTNA OBČINA NOVA GORICA,Anton Harej,NSI - NOVA SLOVENIJA - KRŠČANSKI DEMOKRATI
MESTNA OBČINA NOVO MESTO,Alenka Muhič,Glavni in izvršilni odbor Zveze za Dolenjsko - ZZD
MESTNA OBČINA NOVO MESTO,Gregor Macedoni,Boštjan Grobler in skupina volivcev
MESTNA OBČINA NOVO MESTO,Rok Mežnar,"Stranka Dobra država, Zbor članov Občinskega odbora Mestne občine Novo mesto"
MESTNA OBČINA NOVO MESTO,Jože Kobe,Zbor članov GAS MO Novo mesto
MESTNA OBČINA PTUJ,Janez Rožmarin,NSI - NOVA SLOVENIJA - KRŠČANSKI DEMOKRATI
MESTNA OBČINA PTUJ,Igor Majnik,Dušan Gabrovec in skupina volivcev
MESTNA OBČINA PTUJ,Nuška Gajšek,Volilna konvencija občinske organizacije Socialnih demokratov Ptuj
MESTNA OBČINA PTUJ,Štefan Čelan,Iztok Uhan in skupina volivcev
MESTNA OBČINA PTUJ,Robert Križanič,Volilni štab MO STRANKA MLADIH - ZELENI EVROPE
MESTNA OBČINA PTUJ,Gorazd Orešek,Miran Senčar in skupina volivcev
MESTNA OBČINA PTUJ,Rajko Fajt,"Slovenska demokratska stranka - SDS, Konferenca Mestnega odbora Ptuj"
MESTNA OBČINA PTUJ,Dejan Dokl,Zbor članov stranke SMC Občine Ptuj
MESTNA OBČINA PTUJ,Andrej Čuš,Andrej Čuš in skupina volivcev
MESTNA OBČINA SLOVENJ GRADEC,Andrej Čas,BOŠTJAN RIGELNIK IN SKUPINA VOLIVCEV
MESTNA OBČINA SLOVENJ GRADEC,Darko Hlupič,SNS - SLOVENSKA NACIONALNA STRANKA
MESTNA OBČINA SLOVENJ GRADEC,Tilen Klugler,METKA ČERNJAK IN SKUPINA VOLIVCEV
MESTNA OBČINA SLOVENJ GRADEC,Andrej Breznik,TADEJA BRAJNIK IN SKUPINA VOLIVCEV
MESTNA OBČINA VELENJE,Bojan Kontič,"SOCIALNI DEMOKRATI - SD, Občinska organizacija Velenje - KONVENCIJA  ter Aleksandra ŽUBER in skupina volivcev"
MESTNA OBČINA VELENJE,Matej Jenko,ZBOR ČLANOV MO DOBRA DRŽAVA VELENJE
MESTNA OBČINA VELENJE,Mihael Letonje,IO MO SLS VELENJE
MESTNA OBČINA VELENJE,Breda Kolar,"STRANKA MODERNEGA CENTRA - SMC, Lokalni odbor Šaleške doline"
MESTNA OBČINA VELENJE,Jože Hribar,STRANKA NAŠE VELENJE
MESTNA OBČINA VELENJE,Suzana Kavaš,"SLOVENSKA DEMOKRATSKA STRANKA - SDS, KONFERENCA MESTNEGA/OBČINSKEGA ODBORA VELENJE"
OBČINA AJDOVŠČINA,Tadej Beočanin,VOLILNA KONVENCIJA OO SD AJDOVŠČINA
OBČINA AJDOVŠČINA,Miha Kapelj,"SLOVENSKA DEMOKRATSKA STRANKA - SDS, KONFERENCA OBČINSKEGA ODBORA AJDOVŠČINA"
OBČINA AJDOVŠČINA,Marjan Poljšak,OBČINSKI VOLILNI ZBOR ČLANOV NSD
OBČINA APAČE,Andrej Ritlop,PETER BERNARD IN SKUPINA VOLIVCEV
OBČINA APAČE,Zlatko Grilanc,DARKO KEGL IN SKUPINA VOLIVCEV
OBČINA APAČE,Renato Flisar,SD - SOCIALNI DEMOKRATI
OBČINA APAČE,Zvonko Bevk,ALEKSANDER BEVK IN SKUPINA VOLIVCEV
OBČINA APAČE,Andrej Steyer,SDS - SLOVENSKA DEMOKRATSKA STRANKA
OBČINA APAČE,Silva Vračko,DESUS - DESUS - DEMOKRATIČNA STRANKA UPOKOJENCEV SLOVENIJE
OBČINA ANKARAN,Zoran Pavić,SZV - SLOVENIJA ZA VEDNO
OBČINA ANKARAN,Ivan Klun,Jadran Pišot in skupina volivcev
OBČINA ANKARAN,Gregor Strmčnik,Darij Dujmovič in skupina volivcev
OBČINA BELTINCI,Marko Virag,Tadej Apatič in skupina volivcev
OBČINA BELTINCI,Milan Kerman,Gabrijela Kerman in skupina volivcev
OBČINA BENEDIKT,Anton Mlasko,ROMAN SENEKOVIČ IN SKUPINA VOLIVCEV
OBČINA BENEDIKT,Avgust Zavernik,DUŠAN JANŽEKOVIČ IN SKUPINA VOLIVCEV
OBČINA BENEDIKT,Milan Repič,OO SLS BENEDIKT
OBČINA BISTRICA OB SOTLI,Petra Misja Zorko,METODA RAINER IN SKUPINA VOLIVCEV
OBČINA BISTRICA OB SOTLI,Franjo Debelak,DUŠAN BERKOVIČ IN SKUPINA VOLIVCEV
OBČINA BLED,Janez Fajfar,ANŽE LOGAR IN SKUPINA VOLIVCEV
OBČINA BLOKE,Jože Doles,SLS - SLOVENSKA LJUDSKA STRANKA
OBČINA BLOKE,Jože Lavrič Cascio,JOŽEF MULC IN SKUPINA VOLIVCEV
OBČINA BOHINJ,Jože Sodja,Mitja Bajrič in skupina volivcev
OBČINA BOHINJ,Janez Režek,Vilko Gorenc in skupina volivcev
OBČINA BOHINJ,Emil Šubelj,DESUS - DESUS - DEMOKRATIČNA STRANKA UPOKOJENCEV SLOVENIJE
OBČINA BOHINJ,Bojan Traven,Maruša Krkoč in skupina volivcev
OBČINA BOROVNICA,Matjaž Ocepek,SD - SOCIALNI DEMOKRATI
OBČINA BOROVNICA,Marko Kupljen,LEVICA
OBČINA BOROVNICA,Bojan Čebela,ULA ČEBELA IN SKUPINA VOLIVCEV
OBČINA BOROVNICA,Igor Trček,BOŠTJAN HRIBAR IN SKUPINA VOLIVCEV
OBČINA BOVEC,Valter Mlekuž,SD - SOCIALNI DEMOKRATI
OBČINA BOVEC,Siniša Germovšek,Milan Jojić in skupina volivcev
OBČINA BRASLOVČE,Branimir Strojanšek,VOLILNA KONVENCIJA OBČINSKE ORGANIZACIJE SOCIALNIH DEMOKRATOV BRASLOVČE
OBČINA BRASLOVČE,Slavko Šketa,ZBOR ČLANOV SMC BRASLOVČE
OBČINA BRASLOVČE,Janez Štusej,VINKO DRČA IN SKUPINA VOLIVCEV
OBČINA BRASLOVČE,Tomaž Žohar,TOMAŽ ŽOHAR IN SKUPINA VOLIVCEV
OBČINA BRDA,Franc Mužič,ERNEST ŽNIDARČIČ
OBČINA BRDA,Teja Jelina,SDS - SLOVENSKA DEMOKRATSKA STRANKA
OBČINA BREZOVICA,Metod Ropret,KUŠAR ALEŠ in skupina volivcev
OBČINA BREŽICE,Ivan Molan,DRAŽEN LEVOJEVIĆ IN SKUPINA VOLIVCEV
OBČINA BREŽICE,Matija Kolarič,SD - SOCIALNI DEMOKRATI
OBČINA BREŽICE,Igor Zorčič,SMC - STRANKA MODERNEGA CENTRA
OBČINA BREŽICE,Andrej Gerjevič,LISTA SONCE
OBČINA BREŽICE,Peter Dirnbek,LEVICA
OBČINA CANKOVA,Valentin Trajbar,Janko Durič in skupina volivcev
OBČINA CANKOVA,Angela Vratuša,Štefan Šipoš in skupina volivcev
OBČINA CANKOVA,Drago Vogrinčič,Stanislav Wolf in skupina volivcev
OBČINA CANKOVA,Danilo Kacijan,Darko Kerec in skupina volivcev
OBČINA CERKLJE NA GORENJSKEM,Franc Čebulj,Iztok Čebulj in skupina volivcev
OBČINA CERKLJE NA GORENJSKEM,Luka Štumbereger,Boris Rezar in skupina volivcev
OBČINA CERKNICA,Luka Kočevar,NANO - NAŠA NOTRANJSKA
OBČINA CERKNICA,Bogdan Zevnik,EDVARD VIČIČ IN SKUPINA VOLIVCEV
OBČINA CERKNICA,Marko Rupar,SDS - SLOVENSKA DEMOKRATSKA STRANKA
OBČINA CERKNO,Stanko Močnik,Danilo Sedej in skupina volivcev
OBČINA CERKNO,Gašper Uršič,Domen Uršič in skupina volivcev
OBČINA CERKNO,Jurij Kavčič,SLS - SLOVENSKA LJUDSKA STRANKA
OBČINA CERKVENJAK,Marjan Žmavc,Damjan Žmavc in skupina volivcev
OBČINA CIRKULANE,Janez Jurgec,SDS - SLOVENSKA DEMOKRATSKA STRANKA
OBČINA CIRKULANE,Antonija Žumbar,JELKA PAJNKIHER IN SKUPINA VOLIVCEV
OBČINA ČRENŠOVCI,Vera Markoja,"Štefan Ftičar in skupina volivcev ""Glas ljudstva - neodvisna lista"""
OBČINA ČRENŠOVCI,Anton Törnar,"Volilni zbor članstva OO SLS Črenšovci, SLS - SLOVENSKA LJUDSKA STRANKA"
OBČINA ČRNA NA KOROŠKEM,Romana Lesjak,RAJKO LESJAK IN SKUPINA VOLIVCEV
OBČINA ČRNA NA KOROŠKEM,Igor Prodnik,NSI - NOVA SLOVENIJA - KRŠČANSKI DEMOKRATI
OBČINA ČRNOMELJ,Andrej Kavšek,Vladimir Radovič in skupina volivcev
OBČINA ČRNOMELJ,Mojca Čemas Stjepanovič,DeSUS Demokratična stranka upokojencev Slovenije OO Črnomelj in Socialni demokrati OO Črnomelj
OBČINA ČRNOMELJ,Maja Kocjan,"Slovenska demokratska stranka - SDS, konferenca mestnega/občinskega odbora"
OBČINA ČRNOMELJ,Vesna Fabjan,Lista Marjana Šarca
OBČINA DESTRNIK,Branko Horvat,Majda Kunčnik in skupina volivcev - LISTA ZA URBAN
OBČINA DESTRNIK,Vladimir Vindiš,Martin Vindiš in skupina volivcev - ŽUPANOVA LISTA-VLADIMIR VINDIŠ
OBČINA DESTRNIK,Elizabeta Fras,SDS - SLOVENSKA DEMOKRATSKA STRANKA
OBČINA DESTRNIK,Franc Pukšič,Miran Kramberger in skupina volivcev - NAjPREJ DESTRNIK
OBČINA DIVAČA,Anton Može,DD - DOBRA DRŽAVA
OBČINA DIVAČA,Alenka Štrucl Dovgan,NATAŠA HREŠČAK in skupina volivcev
OBČINA DIVAČA,Branka Škrlj,SDS - SLOVENSKA DEMOKRATSKA STRANKA
OBČINA DOBJE,Franc Leskovšek,SLS - SLOVENSKA LJUDSKA STRANKA
OBČINA DOBREPOLJE,Janez Pavlin,Janez Pavlin in skupina volivcev
OBČINA DOBREPOLJE,Igor Ahačevčič,NSI - NOVA SLOVENIJA - KRŠČANSKI DEMOKRATI
OBČINA DOBRNA,Martin Brecl,SLS - SLOVENSKA LJUDSKA STRANKA
OBČINA DOBRNA,Bojan Felicijan,SDS - SLOVENSKA DEMOKRATSKA STRANKA
OBČINA DOBRNA,Mateja Kreuh,DESUS - DESUS - DEMOKRATIČNA STRANKA UPOKOJENCEV SLOVENIJE
OBČINA DOBROVA-POLHOV GRADEC,Franc Setnikar,Janko Dolinar in skupina volivcev
OBČINA DOBROVA-POLHOV GRADEC,Andreja Grabner,Vinko Kuder in skupina volivcev
OBČINA DOBROVNIK,Marjan Kardinar,Marija Kardinar in skupina volivcev
OBČINA DOL PRI LJUBLJANI,Željko Savič,LISTA SOTOČJE
OBČINA DOL PRI LJUBLJANI,Janez Tekavc,VOJKO MEKŠE IN SKUPINA VOLIVCEV
OBČINA DOLENJSKE TOPLICE,Jože Muhič,Alojz Puhan in skupina volivcev
OBČINA DOLENJSKE TOPLICE,Jure Filipović,"SDS - SLOVENSKA DEMOKRATSKA STRANKA, KONFERENCA OBČINSKEGA ODBORA DOLENJSKE TOPLICE"
OBČINA DOLENJSKE TOPLICE,Franc Vovk,Jernej Ban in skupina volivcev
OBČINA DOMŽALE,Metod Marčun,MAŠA MARČUN IN SKUPINA VOLIVCEV
OBČINA DOMŽALE,Toni Dragar,LTD - TONI DRAGAR - LISTA ZA VSE GENERACIJE
OBČINA DOMŽALE,Alenka Resinovič Reza,LISTA REZA
OBČINA DOMŽALE,Bojan Arh,STRANKA ALENKE BRATUŠEK
OBČINA DORNAVA,Stanislav Ciglar,ZELENI SLOVENIJE
OBČINA DORNAVA,Janko Merc,Jože Brodnjak in skupina volivcev
OBČINA DORNAVA,Franc Šuen,ZL-DSD - ZDRUŽENA LEVICA-DEMOKRATIČNA STRANKA DELA
OBČINA DORNAVA,Rajko Janžekovič,SDS - SLOVENSKA DEMOKRATSKA STRANKA
OBČINA DRAVOGRAD,Marijana Cigala,Srečko PODOJSTRŠEK in skupina volilcev
OBČINA DRAVOGRAD,Ervin Kodrun,SDS - SLOVENSKA DEMOKRATSKA STRANKA
OBČINA DUPLEK,Stanko Grajfoner,Samanta Cimerman in skupina volivcev
OBČINA DUPLEK,Mitja Horvat,Majda Zajc in skupina volivcev
OBČINA GORENJA VAS-POLJANE,Milan Čadež,KONFERENCA OO SLOVENSKE DEMOKRATSKE STRANKE - SDS GORENJA VAS - POLJANE
OBČINA GORIŠNICA,Jožef Kokot,SLS - SLOVENSKA LJUDSKA STRANKA
OBČINA GORIŠNICA,Aleksander Zamuda,SSN - STRANKA SLOVENSKEGA NARODA
OBČINA GORJE,Peter Torkar,Katjuša Torkar in skupina volivcev
OBČINA GORNJA RADGONA,Peter Kralj,NOVA SLOVENIJA - KRŠČANSKI DEMOKRATI
OBČINA GORNJA RADGONA,Mitja Ficko,DOBRA DRŽAVA
OBČINA GORNJA RADGONA,Urška Mauko Tuš,MAKSIMILJAN VAJS IN SKUPINA VOLIVCEV
OBČINA GORNJA RADGONA,Milan Herzog,ZELENI SLOVENIJE
OBČINA GORNJA RADGONA,Dušan Zagorc,SMC - STRANKA MODERNEGA CENTRA
OBČINA GORNJA RADGONA,Ludvik Fekonja,SNS - SLOVENSKA NACIONALNA STRANKA
OBČINA GORNJA RADGONA,Stanko Rojko,ROBERT ŽINKOVIČ IN SKUPINA VOLIVCEV
OBČINA GORNJI GRAD,Jože Rijavec,SNS - SLOVENSKA NACIONALNA STRANKA
OBČINA GORNJI GRAD,Stanko Ogradi,PETER LETONJA IN SKUPINA VOLIVCEV
OBČINA GORNJI GRAD,Robert Remic,VESNA REMIC IN SKUPINA VOLIVCEV
OBČINA GORNJI GRAD,Anton Špeh,ALJAŽ ŠPEH IN SKUPINA VOLIVCEV
OBČINA GORNJI PETROVCI,Jože Balek,Cvetka Berke in skupina volivcev
OBČINA GORNJI PETROVCI,Vladimir Hozjan,Mitja Orešek in skupina volivcev
OBČINA GORNJI PETROVCI,Franc Šlihthuber,Janez Šlihthuber in skupina volivcev
OBČINA GORNJI PETROVCI,Lidija Krpič Časar,SD - SOCIALNI DEMOKRATI
OBČINA GRAD,Marijan Klement,SDS - SLOVENSKA DEMOKRATSKA STRANKA
OBČINA GRAD,Cvetka Ficko,"Marjan FICKO ""in skupina volivcev"""
OBČINA GROSUPLJE,Dušan Rus,SMC - STRANKA MODERNEGA CENTRA
OBČINA GROSUPLJE,Peter Verlič,SDS - SLOVENSKA DEMOKRATSKA STRANKA
OBČINA HAJDINA,Stanislav Glažar,"Slovenska demokratska stranka, Socialni demokrati, Slovenska ljudska stranka"
OBČINA HOČE-SLIVNICA,Anita Arzenšek,SLS - SLOVENSKA LJUDSKA STRANKA
OBČINA HOČE-SLIVNICA,Marko Soršak,Znamo.Zmoremo! Marko Soršak.
OBČINA HODOŠ,Ludvik Orban,RUDOLF BUNDERLA ML.
OBČINA HORJUL,Janko Prebil,NSI - NOVA SLOVENIJA - KRŠČANSKI DEMOKRATI
OBČINA HORJUL,Janko Jazbec,Franc Pišek in skupina volivcev
OBČINA HRASTNIK,Gregor Pajić,"Gregor Pajić in skupina volivcev ""LISTA GREGORJA PAJIĆA"""
OBČINA HRASTNIK,Jani Medvešek,"Vinko Žagar in skupina volivcev ""LISTA ZA NAŠO DOLINO"""
OBČINA HRASTNIK,Vojka Šergan,SMC - STRANKA MODERNEGA CENTRA
OBČINA HRASTNIK,Darko Šrenk,SPS - SOCIALISTIČNA PARTIJA SLOVENIJE
OBČINA HRASTNIK,Božo Majcen,"Božo Majcen in skupina volivcev ""LISTA SREČNO, HRASTNIK"""
OBČINA HRASTNIK,Franc Bokal,ZL-DSD - ZDRUŽENA LEVICA-DEMOKRATIČNA STRANKA DELA
OBČINA HRASTNIK,Marko Funkl,"Sašo Žekar in skupina volivcev ""LISTA NAŠ HRASTNIK"""
OBČINA HRPELJE-KOZINA,Robert Grk,SLS - SLOVENSKA LJUDSKA STRANKA
OBČINA HRPELJE-KOZINA,Saša Likavec Svetelšek,SD - SOCIALNI DEMOKRATI
OBČINA IDRIJA,Kristjan Brus,SDS - SLOVENSKA DEMOKRATSKA STRANKA
OBČINA IDRIJA,Gašper Ferjan,DP - DAVKOPLAČEVALCI SE NE DAMO VEČ!
OBČINA IDRIJA,Metod Habe,NSI - NOVA SLOVENIJA - KRŠČANSKI DEMOKRATI
OBČINA IDRIJA,Tomaž Vencelj,Jurij Kavčič in skupna volivcev
OBČINA IDRIJA,Miranda Groff Ferjančič,Bojan Sever in skupina volivcev
OBČINA IG,Mirko Merzel,SDS - SLOVENSKA DEMOKRATSKA STRANKA
OBČINA IG,Janez Cimperman,SLS - SLOVENSKA LJUDSKA STRANKA
OBČINA IG,Zlatko Usenik,Lista Zlatka Usenika za napredek Občine Ig
OBČINA ILIRSKA BISTRICA,Ivan Simčič,Iniciativni odbor Liste Marjana Šarca v Občini Ilirska Bistrica
OBČINA ILIRSKA BISTRICA,Aleš Zidar,Aleš Zidar in skupina volivcev
OBČINA ILIRSKA BISTRICA,Emil Rojc,Občinski odbor socialnih demokratov Ilirska Bistrica
OBČINA ILIRSKA BISTRICA,Robert Šircelj,Slovenska demokratska stranka - SDS
OBČINA IVANČNA GORICA,Dušan Strnad,SDS - SLOVENSKA DEMOKRATSKA STRANKA
OBČINA IZOLA,Danilo Markočič,DESUS - DESUS - DEMOKRATIČNA STRANKA UPOKOJENCEV SLOVENIJE
OBČINA IZOLA,Igor Crnić,DD - DOBRA DRŽAVA
OBČINA IZOLA,Vojko Ludvik,OLJKA
OBČINA IZOLA,Dario Madžarević,DEAN KLEVA IN SKUPINA VOLIVCEV
OBČINA IZOLA,Aleksej Skok,SD - SOCIALNI DEMOKRATI
OBČINA IZOLA,Mitja Kobal,SDS - SLOVENSKA DEMOKRATSKA STRANKA
OBČINA IZOLA,Milan Bogatič,DEAN VATOVEC IN SKUPINA VOLIVCEV
OBČINA IZOLA,Bojan Zadel,SLS - SLOVENSKA LJUDSKA STRANKA
OBČINA IZOLA,Evgenij Komljanec,MARIO GASPARINI IN SKUPINA VOLIVCEV
OBČINA IZOLA,Manca Vadnjal,IJN - IZOLA JE NAŠA
OBČINA JESENICE,Alma Rekić,LEVICA
OBČINA JESENICE,Tomaž Tom Mencinger,SD - SOCIALNI DEMOKRATI
OBČINA JESENICE,Gordana Ana Višnar Župančič,DESUS - DESUS - DEMOKRATIČNA STRANKA UPOKOJENCEV SLOVENIJE
OBČINA JESENICE,Žarko Štrumbl,SDS - SLOVENSKA DEMOKRATSKA STRANKA
OBČINA JESENICE,Miha Rebolj,SMC - STRANKA MODERNEGA CENTRA
OBČINA JESENICE,Blaž Račič,ZORAN RAČIČ IN SKUPINA VOLIVCEV
OBČINA JESENICE,Janko Pirc,LMŠ - LISTA MARJANA ŠARCA
OBČINA JEZERSKO,Andrej Karničar,Izidor Karničar
OBČINA JURŠINCI,Donald Rus,Alojz Rakuša in skupina volivcev
OBČINA JURŠINCI,Alojzij Kaučič,SLS - volilni zbor OO Juršinci
OBČINA KAMNIK,Matjaž Zorman,SDS - SLOVENSKA DEMOKRATSKA STRANKA
OBČINA KAMNIK,Igor Žavbi,LMŠ - LISTA MARJANA ŠARCA
OBČINA KAMNIK,Sandi Uršič,ŠEMSO MUJANOVIĆ IN SKUPINA VOLIVCEV
OBČINA KAMNIK,Anton Tone Smolnikar,LTS - LISTA TONETA SMOLNIKARJA
OBČINA KAMNIK,Duško Papež,LDP - LISTA DUŠANA PAPEŽA
OBČINA KAMNIK,Matej Slapar,NSI - NOVA SLOVENIJA - KRŠČANSKI DEMOKRATI
OBČINA KAMNIK,Štefan Virjent,DESUS - DESUS - DEMOKRATIČNA STRANKA UPOKOJENCEV SLOVENIJE
OBČINA KANAL,Andrej Maffi,SLS - SLOVENSKA LJUDSKA STRANKA
OBČINA KANAL,Bojan Marinič,Slavica Bavdaž in skupina volivcev
OBČINA KANAL,Tina Gerbec,SD - SOCIALNI DEMOKRATI
OBČINA KIDRIČEVO,Danijel Zajc,SD - SOCIALNI DEMOKRATI
OBČINA KIDRIČEVO,Anton Leskovar,SDS - SLOVENSKA DEMOKRATSKA STRANKA
OBČINA KIDRIČEVO,Damjan Medved,SLS - SLOVENSKA LJUDSKA STRANKA
OBČINA KOBARID,Marko Matajurc,Maja Manfreda in skupina volivcev
OBČINA KOBARID,Marko Miklavič,SLS - SLOVENSKA LJUDSKA STRANKA
OBČINA KOBARID,Robert Kavčič,Ivan Ručna in skupina volivcev
OBČINA KOBILJE,Robert Ščap,SLS - SLOVENSKA LJUDSKA STRANKA
OBČINA KOBILJE,Aleš Lutar,ALEŠ LUTAR IN SKUPINA VOLIVCEV
OBČINA KOČEVJE,Alenka Jelenovič,PREDSEDSTVO OBČINSKEGA ODBORA SNS KOČEVJE
OBČINA KOČEVJE,Vladimir Prebilič,LILIJANA ŠTEFANIČ IN SKUPINA VOLIVCEV
OBČINA KOČEVJE,Luka Bubnjić,"SLOVENSKA DEMOKRATSKA STRANKA-SDS, KONFERENCA OBČINSKEGA ODBORA KOČEVJE"
OBČINA KOČEVJE,Janko Veber,OBČINSKI ODBOR STRANKE SLOGA KOČEVJE
OBČINA KOČEVJE,Lucija Höferle,OBČINSKI ODBOR DESUS KOČEVJE
OBČINA KOMEN,Goran Živec,Anže Žvanut in skupina volivcev
OBČINA KOMEN,Erik Modic,Valter Makovec in skupina volivcev
OBČINA KOMEN,Sergio Stancich,Helena Zgonik Vidmar in skupina volivcev
OBČINA KOMEN,Dean Zalesjak,ZBOR ČLANOV OO STRANKE ALENKE BRATUŠEK
OBČINA KOMENDA,Stanislav Poglajen,Mirko Pogačar in skupina volivcev
OBČINA KOSTANJEVICA NA KRKI,Andrej Božič,Krošl Matjaž in skupina volivcev
OBČINA KOSTANJEVICA NA KRKI,Vesna Hrovat,Ana Pajić in skupina volivcev
OBČINA KOSTANJEVICA NA KRKI,Andrej Rajar,Jože Junkar in skupina volivcev
OBČINA KOSTANJEVICA NA KRKI,Ladko Petretič,Robert Zagorc in skupina volivcev
OBČINA KOSTANJEVICA NA KRKI,Andrej Kerin,SNS - SLOVENSKA NACIONALNA STRANKA
OBČINA KOSTANJEVICA NA KRKI,Žan Colarič,Mitja Luštek in skupina volivcev
OBČINA KOSTANJEVICA NA KRKI,Marjan Jerele,DD - DOBRA DRŽAVA
OBČINA KOSTEL,Valentin Južnič,Metka Pelcar in skupina volivcev
OBČINA KOSTEL,Suzana Ožanič,Milojka Malnar in skupina volivcev
OBČINA KOSTEL,Ivan Črnkovič,Miran Briški in skupina volivcev
OBČINA KOZJE,Peter Kozmus,DEJAN GUČEK IN SKUPINA VOLIVCEV
OBČINA KOZJE,Milenca Krajnc,JOŽEF KAJBA IN SKUPINA VOLIVCEV
OBČINA KOZJE,Anica Bidar,ZSI - GIBANJE ZEDINJENA SLOVENIJA
OBČINA KRANJSKA GORA,Janez Hrovat,Darja Hrovat in skupina volivcev
OBČINA KRIŽEVCI,Branko Belec,FRANC SREŠ IN SKUPINA VOLIVCEV
OBČINA KRŠKO,Dušan Dornik,SMC - STRANKA MODERNEGA CENTRA
OBČINA KRŠKO,Božidar Resnik,DD - DOBRA DRŽAVA
OBČINA KRŠKO,Miran Stanko,SLS - SLOVENSKA LJUDSKA STRANKA
OBČINA KRŠKO,Aleš Suša,LEVICA
OBČINA KUNGOTA,Igor Stropnik,SDS - SLOVENSKA DEMOKRATSKA STRANKA
OBČINA KUNGOTA,Tamara Šnofl,ANDREJ PLOHL IN SKUPINA VOLIVCEV
OBČINA KUNGOTA,Rudi Matjašič,JOŽEK KETIŠ IN SKUPINA VOLIVCEV
OBČINA KUZMA,Sonja Pelcar,Igor Pelcar in skupina volivcev
OBČINA KUZMA,Jožef Škalič,Marina Huber in skupina volivcev
OBČINA LAŠKO,Enej Kirn,Marko Šantej in skupina volivcev - Mlada moč občine Laško
OBČINA LAŠKO,Franc Zdolšek,SLS - SLOVENSKA LJUDSKA STRANKA
OBČINA LAŠKO,Bojan Špiler,SMC - STRANKA MODERNEGA CENTRA
OBČINA LENART,Ivan Vogrin,SSN - STRANKA SLOVENSKEGA NARODA
OBČINA LENART,Janez Kramberger,STANKA FERŠ IN SKUPINA VOLIVCEV
OBČINA LENDAVA,Igor Kulčar,HELENA ANTOLIN TIBAUT IN SKUPINA VOLIVCEV
OBČINA LENDAVA,Dr Mihael Kasaš,FRANC KOREN IN SKUPINA VOLIVCEV
OBČINA LENDAVA,Franc Laj,BRIGITA LAJ IN SKUPINA VOLIVCEV
OBČINA LENDAVA,Dejan Süč,SVEN ŠARJAŠ IN SKUPINA VOLIVCEV
OBČINA LENDAVA,Janez Magyar,SDS - SLOVENSKA DEMOKRATSKA STRANKA
OBČINA LITIJA,Aleksander Gombač,SD - SOCIALNI DEMOKRATI
OBČINA LITIJA,Kaja Mlakar Agrež,LEVICA
OBČINA LITIJA,Tomaž Dernovšek,Kristijan Adamlje in skupina volilcev
OBČINA LITIJA,Boris Doblekar,SDS - SLOVENSKA DEMOKRATSKA STRANKA
OBČINA LITIJA,Franc Rokavec,SLS - SLOVENSKA LJUDSKA STRANKA
OBČINA LITIJA,Dušan Hauptman,Anej Jovanovič in skupina volilcev
OBČINA LJUBNO,Franjo Naraločnik,Greta Naraločnik in skupina volivcev
OBČINA LJUTOMER,Dejan Karba,SD - SOCIALNI DEMOKRATI
OBČINA LJUTOMER,Gregor Žižek,NSI - NOVA SLOVENIJA - KRŠČANSKI DEMOKRATI
OBČINA LJUTOMER,Maksimiljan Gošnjak,LMŠ - LISTA MARJANA ŠARCA
OBČINA LJUTOMER,Olga Karba,dr. MIRAN PUCONJA IN SKUPINA VOLIVCEV Z OLGO IN EKIPO SR(e)ČNO NAPREJ!
OBČINA LJUTOMER,Andrej Vršič,SMC - STRANKA MODERNEGA CENTRA
OBČINA LOGATEC,Janez Istenič,SD - SOCIALNI DEMOKRATI
OBČINA LOGATEC,Zoran Mojškerc,SDS - SLOVENSKA DEMOKRATSKA STRANKA
OBČINA LOGATEC,Berto Menard,DAMJAN MENARD IN SKUPINA VOLIVCEV
OBČINA LOG-DRAGOMER,Domen Cukjati,SDS - SLOVENSKA DEMOKRATSKA STRANKA
OBČINA LOG-DRAGOMER,Tadej Trček,SPS - SOCIALISTIČNA PARTIJA SLOVENIJE
OBČINA LOG-DRAGOMER,Miran Stanovnik,MATIJA NIK IN SKUPINA VOLIVCEV
OBČINA LOŠKA DOLINA,Janez Komidar,NSI - NOVA SLOVENIJA - KRŠČANSKI DEMOKRATI
OBČINA LOŠKA DOLINA,Boštjan Funda,NANO - NAŠA NOTRANJSKA
OBČINA LOŠKA DOLINA,Milan Jurkovič,SMC-STRANKA MODERNEGA CENTRA IN SOCIALNI DEMOKRATI-SD
OBČINA LOŠKI POTOK,Ivan Benčina,Janez Debeljak in skupina volivcev
OBČINA LOŠKI POTOK,Robert Volf,SDS - SLOVENSKA DEMOKRATSKA STRANKA
OBČINA LOVRENC NA POHORJU,Marko Rakovnik,Anžej Bečan in skupina volivcev
OBČINA LOVRENC NA POHORJU,Joško Manfreda,SD - SOCIALNI DEMOKRATI
OBČINA LOVRENC NA POHORJU,Andrej Prapertnik,SDS - SLOVENSKA DEMOKRATSKA STRANKA
OBČINA LOVRENC NA POHORJU,Sanja Miljuš Herman,Tatjana Šumer in skupina volivcev
OBČINA LUČE,Jože Vavdi,Stanko Moličnik in skupina volivcev
OBČINA LUČE,Jernej Plankl,Angela Moličnik in skupina volivcev
OBČINA LUČE,Ciril Rosc,Andrej Šiljar in skupina volivcev
OBČINA LUKOVICA,Matej Kotnik,prof.dr. Janez Kušar in skupina volilvcev
OBČINA LUKOVICA,Olga Vrankar,Marjan Kveder in skupina volivcev
OBČINA LUKOVICA,Jernej Žurej,LMŠ - LISTA MARJANA ŠARCA
OBČINA LUKOVICA,Vincenc Dragar,Bernard Urbanija in skupina volivcev
OBČINA LUKOVICA,Viktor Jemec,SDS - SLOVENSKA DEMOKRATSKA STRANKA
OBČINA MAJŠPERK,Darinka Fakin,SLS - SLOVENSKA LJUDSKA STRANKA
OBČINA MAKOLE,Franc Majcen,Petra Novak in skupina volivcev
OBČINA MARKOVCI,Dejan Horvat,SNS - SLOVENSKA NACIONALNA STRANKA
OBČINA MARKOVCI,Peter Majcen,SLS - SLOVENSKA LJUDSKA STRANKA
OBČINA MARKOVCI,Milan Gabrovec,LDS - LIBERALNA DEMOKRACIJA SLOVENIJE
OBČINA MEDVODE,Leon Merjasec,"SLOVENSKA DEMOKRATSKA STRANKA - SDS, KONFERENCA OBČINSKEGA ODBORA MEDVODE"
OBČINA MEDVODE,Alenka Žavbi Kunaver,SMC - STRANKA MODERNEGA CENTRA - LOKALNI ODBOR MEDVODE
OBČINA MEDVODE,Nejc Smole,LADISLAV VIDMAR IN SKUPINA VOLIVCEV
OBČINA MEDVODE,Tomaž Kuralt,STANISLAV ŽAGAR IN SKUPINA VOLIVCEV
OBČINA MENGEŠ,Tomaž Štebe,POLONA ŠTEBE IN SKUPINA VOLIVK IN VOLIVCEV
OBČINA MENGEŠ,Franc Jerič,JURIJ JERIČ IN SKUPINA VOLIVCEV
OBČINA MENGEŠ,Peter Gubanc,IZVRŠNI ODBOR STRANKE SKUPAJ ZA MENGEŠKO OBČINO - SKUPAJ ZMOREMO VEČ
OBČINA METLIKA,Darko Zevnik,SD - SOCIALNI DEMOKRATI
OBČINA METLIKA,Renata Brunskole,NASTJA BRUNSKOLE IN SKUPINA VOLIVCEV
OBČINA MEŽICA,Dušan Krebel,ROMAN ABRAHAM IN SKUPINA VOLIVCEV
OBČINA MIKLAVŽ NA DRAVSKEM POLJU,Damir Pekič,DZN - DIALOG ZA NAPREDEK
OBČINA MIKLAVŽ NA DRAVSKEM POLJU,Urška Makovec,DD - DOBRA DRŽAVA
OBČINA MIKLAVŽ NA DRAVSKEM POLJU,Peter Rodeš,DESUS - DESUS - DEMOKRATIČNA STRANKA UPOKOJENCEV SLOVENIJE
OBČINA MIKLAVŽ NA DRAVSKEM POLJU,Simona Marko,SD - SOCIALNI DEMOKRATI
OBČINA MIKLAVŽ NA DRAVSKEM POLJU,Egon Repnik,LM - LISTA ZA SKUPNO OBČINO MIKLAVŽ NA D. P.
OBČINA MIREN-KOSTANJEVICA,Mauricij Humar,Zorko Budin in skupina volivcev
OBČINA MIREN-KOSTANJEVICA,Robert Gajser,SMC - Stranka modernega centra in SD - Socialni demokrati
OBČINA MIRNA,Dušan Skerbiš,BARICA KRALJEVSKI IN SKUPINA VOLIVCEV
OBČINA MIRNA,Dražen Šmuc,DRAŽEN ŠMUC IN SKUPINA VOLIVCEV
OBČINA MIRNA PEČ,Zvonko Lah,STANISLAV BEVC in skupina volivcev
OBČINA MIRNA PEČ,Andrej Kastelic,DAMJAN ZUPANČIČ in skupina volivcev
OBČINA MISLINJA,Viktor Robnik,VIKTOR ROBNIK IN SKUPINA VOLIVCEV
OBČINA MISLINJA,Bojan Borovnik,SD - SOCIALNI DEMOKRATI
OBČINA MOKRONOG-TREBELNO,Uroš Pikl,Drago Samide in skupina volivcev
OBČINA MOKRONOG-TREBELNO,Anton Maver,Franc Glušič in skupina volivcev
OBČINA MORAVČE,Pavel Puhan,DP - DAVKOPLAČEVALCI SE NE DAMO VEČ!
OBČINA MORAVČE,Martin Rebolj,SD - SOCIALNI DEMOKRATI
OBČINA MORAVČE,Milan Balažic,Janez Pergar in skupina volivcev
OBČINA MORAVSKE TOPLICE,Borut Vojkovič,TATJANA VOKIĆ VOJKOVIČ IN SKUPINA VOLIVCEV
OBČINA MORAVSKE TOPLICE,Alojz Glavač,VLASTA GLAVAČ IN SKUPINA VOLIVCEV
OBČINA MOZIRJE,Ivan Suhoveršnik,Jožef Skornšek in skupina volivcev
OBČINA MOZIRJE,Mark Molnar,SD - SOCIALNI DEMOKRATI
OBČINA MOZIRJE,Anton Rifelj,DESUS - DESUS - DEMOKRATIČNA STRANKA UPOKOJENCEV SLOVENIJE
OBČINA MOZIRJE,Marko Presečnik,SLS - SLOVENSKA LJUDSKA STRANKA
OBČINA MUTA,Miroslav Vošner,Rudolf Koležnik in skupina volivcev
OBČINA MUTA,Darko Sahornik,Jožef Verhnjak in skupina volivcev - Lista Darka Sahornika
OBČINA NAKLO,Primož Povše,DESUS - DESUS - DEMOKRATIČNA STRANKA UPOKOJENCEV SLOVENIJE - OBČINSKI ODBOR NAKLO
OBČINA NAKLO,Marko Mravlja,SLOVENSKA DEMOKRATSKA STRANKA (SDS)
OBČINA NAKLO,Ivan Meglič,OO SLS NAKLO
OBČINA NAKLO,Stane Oman,OBČINSKA ORGANIZACIJA SD NAKLO
OBČINA NAKLO,Drago Goričan,DRAGO GORIČAN IN SKUPINA VOLIVCEV
OBČINA NAZARJE,Matej Pečovnik,Nataša Pečovnik Perme in skupina volivcev
OBČINA ODRANCI,Ivan Markoja,ZELENI SLOVENIJE
OBČINA ODRANCI,Mojca Balažic,MOJCA BALAŽIC IN SKUPINA VOLIVCEV
OBČINA OPLOTNICA,Matjaž Orter,Miroslav Vodovnik in skupina volivcev
OBČINA OPLOTNICA,Andrej Kos,Matic Jarni in skupina volivcev
OBČINA ORMOŽ,Davorin Korpar,Danilo Lukner in skupina volivcev
OBČINA ORMOŽ,Danijel Vrbnjak,"SLOVENSKA DEMOKRATSKA STRANKA - SDS, KONFERENCA MESTNEGA/OBČINSKEGA ODBORA ORMOŽ"
OBČINA ORMOŽ,Jani Ivanuša,PREDSEDSTVO MESTNEGA ODBORA SNS ORMOŽ
OBČINA ORMOŽ,Miroslav Kosi,SLS - SLOVENSKA LJUDSKA STRANKA
OBČINA ORMOŽ,Alojz Sok,Marija Kolmanič in skupina volivcev
OBČINA ORMOŽ,Danilo Kosi,Boško Miličković in skupina volivcev
OBČINA ORMOŽ,Miran Topolovec,Slavko Kosi in skupina volivcev
OBČINA OSILNICA,Antun Volf,Željko knaus in skupina volivcev
OBČINA OSILNICA,Alenka Kovač,SMC - STRANKA MODERNEGA CENTRA
OBČINA PESNICA,Klavdija Samogy Simonič,KAŠMAN JOŽE IN SKUPINA VOLIVCEV; Lista S.O.N.C.E za Občino Pesnica
OBČINA PESNICA,Gregor Žmak,MARJAN RODEŽ IN SKUPINA VOLIVCEV; GREGOR ŽMAK IN LISTA 4X4
OBČINA PESNICA,Venčeslav Senekovič,SLS - SLOVENSKA LJUDSKA STRANKA
OBČINA PESNICA,Mateja Rose,SDS - SLOVENSKA DEMOKRATSKA STRANKA
OBČINA PIRAN,Tomaž Gantar,Antonija Senčar in skupina volivcev
OBČINA PIRAN,Andrej Korenika,SMC - STRANKA MODERNEGA CENTRA
OBČINA PIRAN,Bojan Drevenšek,SD - SOCIALNI DEMOKRATI
OBČINA PIRAN,Zlatka Olah,SSN - STRANKA SLOVENSKEGA NARODA
OBČINA PIRAN,Viko Kveder,OLJKA
OBČINA PIRAN,Nevenka Lučić Stanimirović,SNS - SLOVENSKA NACIONALNA STRANKA
OBČINA PIRAN,Đenio Zadković,GZOP - GIBANJE ZA OBČINO PIRAN
OBČINA PIRAN,Darij Novinec,SZV - SLOVENIJA ZA VEDNO
OBČINA PIRAN,Vojko Jevševar,SDS - SLOVENSKA DEMOKRATSKA STRANKA
OBČINA PIVKA,Damijan Kapelj,IZTOK ZADNIK IN SKUPINA VOLIVCEV
OBČINA PIVKA,Jana Gržinič,SDS - SLOVENSKA DEMOKRATSKA STRANKA
OBČINA PIVKA,Robert Smrdelj,SLS - SLOVENSKA LJUDSKA STRANKA
OBČINA PODČETRTEK,Peter Misja,Jana Stojnšek in skupina volivcev
OBČINA PODLEHNIK,Eva Pipan,SDS - SLOVENSKA DEMOKRATSKA STRANKA
OBČINA PODLEHNIK,Sebastian Toplak,Janez Koren in skupina volivcev
OBČINA PODVELKA,Janez Otorepec,Alenka Medved in skupina volivcev
OBČINA PODVELKA,Milan Čurin,DESUS - DESUS - DEMOKRATIČNA STRANKA UPOKOJENCEV SLOVENIJE
OBČINA PODVELKA,Uljana Brunšek,Milan Ribič in skupina volivcev
OBČINA PODVELKA,Miroslav Reš,Barbara Reš in skupina volivcev
OBČINA PODVELKA,Anton Kovše,SD - SOCIALNI DEMOKRATI
OBČINA POLJČANE,Tomaž Kokot,SDS - SLOVENSKA DEMOKRATSKA STRANKA
OBČINA POLJČANE,Maja Bračko,Janez Šabec in skupina volivcev
OBČINA POLJČANE,Stanislav Kovačič,Golob Marjan in skupina volivcev
OBČINA POLZELA,Jože Kužnik,DUŠAN PUNGARTNIK IN SKUPINA VOLIVCEV
OBČINA POSTOJNA,Boštjan Bizjak,SLS - SLOVENSKA LJUDSKA STRANKA
OBČINA POSTOJNA,Stanko Markovčič,DESUS - DESUS - DEMOKRATIČNA STRANKA UPOKOJENCEV SLOVENIJE
OBČINA POSTOJNA,Igor Marentič,ANDREJ BERGINC IN SKUPINA VOLIVCEV
OBČINA POSTOJNA,Jernej Verbič,ZVONKO ČERNAČ IN SKUPINA VOLIVCEV
OBČINA PREBOLD,Ksenija Rozman,TILEN KERIČ IN SKUPINA VOLIVCEV ZA LISTO KSENIJE ROZMAN
OBČINA PREBOLD,Vinko Debelak,"VOLILNA KONVENCIJA SOCIALNIH DEMOKRATOV PREBOLD, KONFERENCA OO DESUS PREBOLD, ZBOR ČLANOV SMC PREBOLD"
OBČINA PREBOLD,Miha Fonda,JERNEJ GIGERL IN SKUPINA VOLIVCEV
OBČINA PREBOLD,Marjan Golavšek,SDS - SLOVENSKA DEMOKRATSKA STRANKA KONFERENCA OBČINSKEGA ODBORA PREBOLD
OBČINA PREDDVOR,Rok Roblek,EVA GRAH ROBLEK IN SKUPINA VOLIVCEV
OBČINA PREDDVOR,Aleš Drekonja,PLS - POVEZANE LOKALNE SKUPNOSTI
OBČINA PREDDVOR,Miha Likar,SAŠO LIKAR IN SKUPINA VOLIVCEV
OBČINA PREVALJE,Matija Tasič,Marijana Petrič in skupina volivcev
OBČINA PUCONCI,Branko Ritlop,SD - SOCIALNI DEMOKRATI
OBČINA PUCONCI,Ludvik Novak,SLS - SLOVENSKA LJUDSKA STRANKA
OBČINA RAČE-FRAM,Branko Ledinek,SLS - SLOVENSKA LJUDSKA STRANKA
OBČINA RADEČE,Tomaž Režun,SD - SOCIALNI DEMOKRATI
OBČINA RADENCI,Franc Himelrajh,SDS - SLOVENSKA DEMOKRATSKA STRANKA
OBČINA RADENCI,Drago Kocbek,DESUS - DESUS - DEMOKRATIČNA STRANKA UPOKOJENCEV SLOVENIJE
OBČINA RADENCI,Emil Šmid,SD - SOCIALNI DEMOKRATI
OBČINA RADENCI,Jožef Toplak,Martin Žnidarič in skupina volivcev
OBČINA RADENCI,Roman Leljak,Maja Rožman in skupina volivcev
OBČINA RADENCI,Mojca Smolko,SLOGA
OBČINA RADENCI,Toni Žitek,Robert Zemljič in skupina volivcev
OBČINA RADLJE OB DRAVI,Alan Bukovnik,VOLILNA KONVENCIJA OO SD RADLJE OB DRAVI
OBČINA RADOVLJICA,Ciril Globočnik,Miran Rems in skupina volivcev
OBČINA RADOVLJICA,Andrej Potočnik,SDS - SLOVENSKA DEMOKRATSKA STRANKA
OBČINA RADOVLJICA,Branko Fajfar,Branko Fajfar in skupina volivcev
OBČINA RADOVLJICA,Dalibor Šolar,SD - SOCIALNI DEMOKRATI
OBČINA RADOVLJICA,Vojka Jesenko,LMŠ - LISTA MARJANA ŠARCA
OBČINA RAVNE NA KOROŠKEM,Mojca Erjavec,NSI - NOVA SLOVENIJA - KRŠČANSKI DEMOKRATI
OBČINA RAVNE NA KOROŠKEM,Vilko Černovšek,LEVICA
OBČINA RAVNE NA KOROŠKEM,Tomaž Rožen,ALJAŽ VERHOVNIK IN SKUPINA OBČANOV
OBČINA RAVNE NA KOROŠKEM,Zlatko Halilovič,DESUS - DESUS - DEMOKRATIČNA STRANKA UPOKOJENCEV SLOVENIJE
OBČINA RAZKRIŽJE,Stanko Ivanušič,DEJAN ROB IN SKUPINA VOLIVCEV
OBČINA REČICA OB SAVINJI,Jože Lenko,SDS - SLOVENSKA DEMOKRATSKA STRANKA
OBČINA REČICA OB SAVINJI,Branko Hriberšek,Blaž Bitenc in skupina volivcev
OBČINA REČICA OB SAVINJI,Drago Poličnik,SLS - SLOVENSKA LJUDSKA STRANKA
OBČINA REČICA OB SAVINJI,Ana Rebernik,Stanislava Prislan in skupina volivcev
OBČINA RENČE-VOGRSKO,Tarik Žigon,LISTA ZA VAS
OBČINA RENČE-VOGRSKO,Nedeljko Gregorič,Lista za gospodarski razvoj
OBČINA RENČE-VOGRSKO,Rajko Lasič,Združenje SKUPAJ
OBČINA RENČE-VOGRSKO,Aleš Furlan,SD - SOCIALNI DEMOKRATI
OBČINA RENČE-VOGRSKO,Vinko Jarc,SDS - SLOVENSKA DEMOKRATSKA STRANKA
OBČINA RIBNICA,Jože Levstek,SDS - SLOVENSKA DEMOKRATSKA STRANKA
OBČINA RIBNICA,Aleš Hoge,ZL-DSD - ZDRUŽENA LEVICA-DEMOKRATIČNA STRANKA DELA
OBČINA RIBNICA,Irma Grbec,SD - SOCIALNI DEMOKRATI
OBČINA RIBNICA,Samo Pogorelc,FRANC TRDAN IN SKUPINA VOLIVCEV
OBČINA RIBNICA NA POHORJU,Tatjana Marsel,SDS - SLOVENSKA DEMOKRATSKA STRANKA
OBČINA RIBNICA NA POHORJU,Srečko Geč,SD - SOCIALNI DEMOKRATI
OBČINA ROGAŠKA SLATINA,Branko Kidrič,SLS - SLOVENSKA LJUDSKA STRANKA
OBČINA ROGAŠKA SLATINA,Andrejka Flucher,SD - SOCIALNI DEMOKRATI
OBČINA ROGAŠOVCI,Slavko Buček,SMC - STRANKA MODERNEGA CENTRA
OBČINA ROGAŠOVCI,Edvard Mihalič,ALOJZ MEKIŠ IN SKUPINA VOLIVCEV
OBČINA ROGAŠOVCI,Jožica Fükaš,SDS - SLOVENSKA DEMOKRATSKA STRANKA
OBČINA ROGATEC,Martin Mikolič,NSI - NOVA SLOVENIJA - KRŠČANSKI DEMOKRATI
OBČINA ROGATEC,Brigita Vodušek,SD - SOCIALNI DEMOKRATI
OBČINA ROGATEC,Viktor Božak,SDS - SLOVENSKA DEMOKRATSKA STRANKA
OBČINA ROGATEC,Viljem Prevolšek,Martin Korez in skupina volivcev (LISTA HRAST)
OBČINA RUŠE,Urška Repolusk,STANISLAV KRAINER IN SKUPINA VOLIVCEV
OBČINA RUŠE,Vekoslav Šterman,STRANKA ALENKE BRATUŠEK
OBČINA RUŠE,Tomi Prosnik,PETER JUHART IN SKUPINA VOLIVCEV
OBČINA RUŠE,Martin Lesjak,VOLILNA KONVENCIJA OBČINSKE ORGANIZACIJE SOCIALNIH DEMOKRATOV RUŠE
OBČINA SELNICA OB DRAVI,Vlasta Krmelj,SDS - SLOVENSKA DEMOKRATSKA STRANKA
OBČINA SELNICA OB DRAVI,Darja Slivnjak,MIRO KOBAL IN SKUPINA VOLIVCEV
OBČINA SEMIČ,Polona Kambič,VOLILNI ZBOR ČLANSTVA OO SLS SEMIČ
OBČINA SEMIČ,Sonja Klemenc Križan,"SLOVENSKA DEMOKRATSKA STRANKA - SDS, KONFERENCA OO SEMIČ"
OBČINA SEVNICA,Srečko Ocvirk,SLS - SLOVENSKA LJUDSKA STRANKA
OBČINA SEŽANA,Jožko Čuk,ZBOR ČLANOV LO SMC OBČINE SEŽANA
OBČINA SEŽANA,Claudio Merslavič,ZBOR ČLANOV OBČINSKEGA ODBORA DOBRA DRŽAVA SEŽANA
OBČINA SEŽANA,Peter Štoka,KONVENCIJA OBČINSKE ORGANIZACIJE ZVEZE ZA PRIMORSKO-ZZP
OBČINA SEŽANA,David Škabar,Marjan Masič in skupina volivcev
OBČINA SEŽANA,Andrej Sila,Tanja Sila in skupina volivcev
OBČINA SLOVENSKA BISTRICA,Igor Erker,SMC - STRANKA MODERNEGA CENTRA
OBČINA SLOVENSKA BISTRICA,Ivan Žagar,"SLS - SLOVENSKA LJUDSKA STRANKA, SDS - SLOVENSKA DEMOKRATSKA STRANKA, N.Si - NOVA SLOVENIJA - KRŠČANSKI DEMOKRATI"
OBČINA SLOVENSKE KONJICE,Miran Gorinšek,SLS - SLOVENSKA LJUDSKA STRANKA
OBČINA SLOVENSKE KONJICE,Darko Ratajc,"SD - SOCIALNI DEMOKRATI, SMC - STRANKA MODERNEGA CENTRA, DESUS - DESUS - DEMOKRATIČNA STRANKA UPOKOJENCEV SLOVENIJE"
OBČINA SLOVENSKE KONJICE,Bojan Podkrajšek,SDS - SLOVENSKA DEMOKRATSKA STRANKA
OBČINA SODRAŽICA,Blaž Milavec,SLS - SLOVENSKA LJUDSKA STRANKA
OBČINA SOLČAVA,Katarina Prelesnik,Jasmina Štiftar in skupina volivcev
OBČINA SOLČAVA,Alojz Lipnik,Nataša Firšt in skupina volivcev
OBČINA SREDIŠČE OB DRAVI,Jurij Borko,SDS - SLOVENSKA DEMOKRATSKA STRANKA
OBČINA SREDIŠČE OB DRAVI,Renata Požgan Bubek,BUBEK CIRIL IN SKUPINA VOLIVCEV
OBČINA SREDIŠČE OB DRAVI,Nataša Sušanj,SNS - SLOVENSKA NACIONALNA STRANKA
OBČINA STARŠE,Domen Majcen,DEJAN BERANIČ IN SKUPINA VOLIVCEV
OBČINA STARŠE,Bojan Kirbiš,DESUS-DEMOKRATIČNA STRANKA UPOKOJENCEV SLOVENIJE IN SDS-SLOVENSKA DEMOKRATSKA STRANKA
OBČINA STARŠE,Stanislav Greifoner,mag. MAJDA MOHORIČ IN SKUPINA VOLIVCEC
OBČINA STRAŽA,Samo Jakljič,BORUT LIKAR IN SKUPINA VOLIVCEV
OBČINA STRAŽA,Franc Plut,DOMINIK AVGUŠTIN IN SKUPINA VOLIVCEV
OBČINA STRAŽA,Dušan Krštinc,MARTIN KRŠTINC IN SKUPINA VOLIVCEV RIOS
OBČINA SVETA TROJICA V SLOVENSKIH GORICAH,David Klobasa,NSI - NOVA SLOVENIJA - KRŠČANSKI DEMOKRATI
OBČINA SVETA TROJICA V SLOVENSKIH GORICAH,Darko Fras,BRANKO NOVAK in skupina volivcev
OBČINA SVETA ANA,Silvo Slaček,Vinko Ketiš in skupina volivcev
OBČINA SVETA ANA,Drago Weinhandl,Anica Weinhandl in skupina volivcev
OBČINA SVETI ANDRAŽ V SLOV. GORICAH,Darja Vudler,NEODVISNA LISTA SKUPAJ ZA LJUDI! MITJA BERLAK IN SKUPINA VOLIVCEV
OBČINA SVETI ANDRAŽ V SLOV. GORICAH,Franc Krepša,NSI - NOVA SLOVENIJA - KRŠČANSKI DEMOKRATI
OBČINA SVETI JURIJ OB ŠČAVNICI,Miroslav Petrovič,Ivan Fras in skupina volivcev
OBČINA SVETI JURIJ OB ŠČAVNICI,Anton Slana,Franc Čuš in skupina volivcev
OBČINA SVETI JURIJ V SLOVENSKIH GORICAH,Peter Škrlec,SDS - SLOVENSKA DEMOKRATSKA STRANKA
OBČINA SVETI TOMAŽ,Mirko Cvetko,NSI - NOVA SLOVENIJA - KRŠČANSKI DEMOKRATI
OBČINA SVETI TOMAŽ,Miro Rakuša,SDS - SLOVENSKA DEMOKRATSKA STRANKA
OBČINA ŠALOVCI,Iztok Fartek,Ivanka Balek in skupina volivcev
OBČINA ŠALOVCI,Jože Korpič,NSP - NEODVISNA STRANKA POMURJA
OBČINA ŠEMPETER-VRTOJBA,Dušan Bremec,Jasmina Bremec s skupino volivcev
OBČINA ŠEMPETER-VRTOJBA,Darjo Šaver,DD - DOBRA DRŽAVA
OBČINA ŠEMPETER-VRTOJBA,Milan Turk,Pavel Černe in skupina volivcev
OBČINA ŠEMPETER-VRTOJBA,Jože Rupar,SD - SOCIALNI DEMOKRATI
OBČINA ŠENČUR,Matej Knific,MATEJ KNIFIC IN SKUPINA VOLIVCEV
OBČINA ŠENČUR,Mag Valerij Grašič,NSI - NOVA SLOVENIJA - KRŠČANSKI DEMOKRATI
OBČINA ŠENČUR,Igor Kajzer,SD - SOCIALNI DEMOKRATI
OBČINA ŠENČUR,Ciril Kozjek,SLOVENSKA LJUDSKA STRANKA IN SLOVENSKA DEMOKRATSKA STRANKA
OBČINA ŠENTILJ,Viktor Vajngerl,NSI - NOVA SLOVENIJA - KRŠČANSKI DEMOKRATI
OBČINA ŠENTILJ,Boris Bezjak,HEDL PAVLA IN SKUPINA VOLIVCEV
OBČINA ŠENTILJ,Marijan Pojbič,SDS - SLOVENSKA DEMOKRATSKA STRANKA
OBČINA ŠENTILJ,Štefan Žvab,DAVID KOS IN SKUPINA VOLIVCEV
OBČINA ŠENTJERNEJ,Jože Simončič,Peter Cvelbar in skupina volivcev
OBČINA ŠENTJERNEJ,Radko Luzar,Franc Bevc in skupina volivcev
OBČINA ŠENTJERNEJ,Viktorija Rangus,Martina Dolar in skupina volivcev
OBČINA ŠENTJERNEJ,Albert Pavlič,SDS - SLOVENSKA DEMOKRATSKA STRANKA
OBČINA ŠENTJERNEJ,Franc Hudoklin,DESUS - DESUS - DEMOKRATIČNA STRANKA UPOKOJENCEV SLOVENIJE
OBČINA ŠENTJUR,Janez Jenšterle,SMC - STRANKA MODERNEGA CENTRA
OBČINA ŠENTJUR,Vincenc Frece,SD - SOCIALNI DEMOKRATI
OBČINA ŠENTJUR,Mihaela Rožej,SLS - SLOVENSKA LJUDSKA STRANKA
OBČINA ŠENTJUR,Mojca Inkret,SDS - SLOVENSKA DEMOKRATSKA STRANKA
OBČINA ŠENTJUR,Marko Diaci,ŽUPANOVA LISTA - GIBANJE ZA OBČINO ŠENTJUR
OBČINA ŠENTRUPERT,Nataša Hribar,Janez Hribar in skupina volivcev
OBČINA ŠENTRUPERT,Andrej Martin Kostelec,SDS - SLOVENSKA DEMOKRATSKA STRANKA
OBČINA ŠENTRUPERT,Rupert Gole,Tjaša Gole in skupina volivcev
OBČINA ŠKOCJAN,Jože Kapler,SDS - SLOVENSKA DEMOKRATSKA STRANKA
OBČINA ŠKOCJAN,Franc Kocjan,SLS - SLOVENSKA LJUDSKA STRANKA
OBČINA ŠKOFJA LOKA,Rolando Krajnik,SVET STRANKE KOMUNALNO EKOLOŠKA LISTA
OBČINA ŠKOFJA LOKA,Tine Radinja,MIHA JEŠE IN SKUPINA VOLIVCEV
OBČINA ŠKOFJA LOKA,Robert Strah,KONFERENCA OBČINSKEGA ODBORA SDS - SLOVENSKA DEMOKRATSKA STRANKA
OBČINA ŠKOFLJICA,Franc Pavlinjek,DD - DOBRA DRŽAVA
OBČINA ŠKOFLJICA,Bojan Božič,Dragutin Brkinjač in skupina volivcev
OBČINA ŠKOFLJICA,Ivan Jordan,Andreja Knez in skupina volivcev
OBČINA ŠMARJE PRI JELŠAH,Janko Šket,Alojz Tirgušek in skupina volivcev
OBČINA ŠMARJE PRI JELŠAH,Bojana Pevec,Sara Pevec in skupina volivcev
OBČINA ŠMARJE PRI JELŠAH,Matija Čakš,Anton Guzej in skupina volivcev
OBČINA ŠMARJE PRI JELŠAH,Marko Ketiš,Marija Koritnik in skupina volivcev
OBČINA ŠMARJE PRI JELŠAH,David Stupica,Branka Kovačič in skupina volivcev
OBČINA ŠMARJEŠKE TOPLICE,Bernardka Krnc,BERNARDKA KRNC IN SKUPINA VOLIVCEV
OBČINA ŠMARJEŠKE TOPLICE,Marjan Hribar,GAŠPER GREGORČIČ IN SKUPINA VOLIVCEV
OBČINA ŠMARJEŠKE TOPLICE,Anica Turk Potočar,ANICA TURK POTOČAR IN SKUPINA VOLIVCEV
OBČINA ŠMARTNO OB PAKI,Mateja Ažman,SLS - SLOVENSKA LJUDSKA STRANKA
OBČINA ŠMARTNO OB PAKI,Janko Kopušar,NATALIJA ZABUKOVNIK IN SKUPINA VOLIVCEV
OBČINA ŠMARTNO PRI LITIJI,Janez Tomažič,SDS - SLOVENSKA DEMOKRATSKA STRANKA
OBČINA ŠMARTNO PRI LITIJI,Milan Izlakar,NSI - NOVA SLOVENIJA - KRŠČANSKI DEMOKRATI
OBČINA ŠMARTNO PRI LITIJI,Rajko Meserko,DARKO VIDIC IN SKUPINA VOLIVCEV
OBČINA ŠOŠTANJ,Darko Menih,"SDS - SLOVENSKA DEMOKRATSKA STRANKA, OBČINSKI ODBOR ŠOŠTANJ"
OBČINA ŠOŠTANJ,Matic Mežnar,MLADI ZA ŠOŠTANJ
OBČINA ŠOŠTANJ,Bojana Žnider,"SD - SOCIALNI DEMOKRATI, OBČINSKA ORGANIZACIJA ŠOŠTANJ"
OBČINA ŠTORE,Bojan Karlovčec,"BOJAN KARLOVČEC IN SKUPINA VOLIVCEV ""LISTA ZA INOVATIVNO OBČINO"""
OBČINA ŠTORE,Simon Kroflič,SDS - SLOVENSKA DEMOKRATSKA STRANKA
OBČINA ŠTORE,Emil Kačičnik,SNS - SLOVENSKA NACIONALNA STRANKA
OBČINA ŠTORE,Uroš Kragelj,SD - SOCIALNI DEMOKRATI
OBČINA ŠTORE,Miran Jurkošek,"MIRAN JURKOŠEK IN SKUPINA VOLIVCEV ""ŽUPANOVA NEODVISNA LISTA ZA RAZVOJ"""
OBČINA TABOR,Ludvik Miklavc,Ali Khodary Eisa in skupina volivcev
OBČINA TABOR,Matej Demšar,SD-SOCIALNI DEMOKRATI
OBČINA TABOR,Marko Semprimožnik,SLS - SLOVENSKA LJUDSKA STRANKA
OBČINA TIŠINA,Franc Horvat,SLS - SLOVENSKA LJUDSKA STRANKA
OBČINA TIŠINA,Ivan Horvat,NSI - NOVA SLOVENIJA - KRŠČANSKI DEMOKRATI
OBČINA TIŠINA,Vinko Gajšt,Nika Gajšt in skupina volivcev
OBČINA TIŠINA,Franc Kovač,DESUS - DESUS - DEMOKRATIČNA STRANKA UPOKOJENCEV SLOVENIJE
OBČINA TIŠINA,Andrej Serdt,Marjan Flisar in skupina volivcev
OBČINA TOLMIN,Tomaž Štenkler,SD - SOCIALNI DEMOKRATI
OBČINA TOLMIN,Uroš Brežan,MARTINA KENDA IN SKUPINA VOLIVCEV
OBČINA TRBOVLJE,Bojan Kovačič,SNS - SLOVENSKA NACIONALNA STRANKA
OBČINA TRBOVLJE,Gorazd Kajič,DESUS - DEMOKRATIČNA STRANKA UPOKOJENCEV SLOVENIJE
OBČINA TRBOVLJE,Jasna Gabrič,Izvršni odbor stranke Lista Jasne Gabrič za Trbovlje
OBČINA TRBOVLJE,Andrej Bregar,Matic Cestnik in skupina volilcev
OBČINA TRBOVLJE,Alenka Forte,Kandidacijska konferenca OO SDS Trbovlje
OBČINA TRBOVLJE,Jože Pustoslemšek,Rafael Žlak in skupina volilcev
OBČINA TRBOVLJE,Sibila Ložina,ObO Socialni demokrati Trbovlje
OBČINA TREBNJE,Leon Lobe,DROT - ZA RAZVOJ
OBČINA TREBNJE,Gregor Kaplan,ZL-DSD - ZDRUŽENA LEVICA-DEMOKRATIČNA STRANKA DELA
OBČINA TREBNJE,Alojzij Kastelic,Branko Meglič in skupina volivcev
OBČINA TREBNJE,Jože Avguštinčič,SDS - SLOVENSKA DEMOKRATSKA STRANKA
OBČINA TRNOVSKA VAS,Alojz Benko,SLS - SLOVENSKA LJUDSKA STRANKA
OBČINA TRZIN,Peter Ložar,NUŠA REPŠE IN SKUPINA VOLIVCEV
OBČINA TRZIN,Jože Lukan,KONGRES STRANKE NAPREJ SLOVENIJA- NPS
OBČINA TRZIN,Romeo Podlogar,ALENKA MARJETIČ ŽNIDER IN SKUPINA VOLIVCEV
OBČINA TRZIN,Rado Gladek,KONFERENCA  OO SLOVENSKE DEMOKRATSKE STRANKE TRZIN
OBČINA TRZIN,Marko Kajfež,TANJA KAJFEŽ IN SKUPINA VOLIVCEV
OBČINA TRŽIČ,Pavel Rupar,Mirjana Novak in skupina volivcev
OBČINA TRŽIČ,Borut Sajovic,Dušan Bodlaj in skupina volivcev
OBČINA TRŽIČ,Klemen Belhar,Uroš Ahačič in skupina volivcev
OBČINA TRŽIČ,Andrej Frelih,Marko Poljanc in skupina volivcev
OBČINA TRŽIČ,Drago Zadnikar,Socialni demokrati - SD - Volilna konvencija OO SD Tržič
OBČINA TRŽIČ,Duško Krupljanin,Tanja Razinger in skupina volivcev
OBČINA TURNIŠČE,Stanislav Sobočan,NSI - NOVA SLOVENIJA - KRŠČANSKI DEMOKRATI
OBČINA TURNIŠČE,Vesna Jerala Zver,Roman Čiček in skupina volivcev
OBČINA TURNIŠČE,Jožef Slavic,SD - SOCIALNI DEMOKRATI
OBČINA TURNIŠČE,Borut Horvat,SDS - SLOVENSKA DEMOKRATSKA STRANKA
OBČINA TURNIŠČE,Vincenc Litrop,SMC - STRANKA MODERNEGA CENTRA
OBČINA VELIKA POLANA,Damijan Jaklin,ALOJZ JEREBIC IN SKUPINA VOLIVCEV
OBČINA VELIKE LAŠČE,Matjaž Hočevar,LMŠ - LISTA MARJANA ŠARCA
OBČINA VELIKE LAŠČE,Tadej Malovrh,Tadej Malovrh in skupina volivcev
OBČINA VELIKE LAŠČE,Andrej Janša,NSI - NOVA SLOVENIJA - KRŠČANSKI DEMOKRATI
OBČINA VELIKE LAŠČE,Tatjana Devjak,SLS - SLOVENSKA LJUDSKA STRANKA
OBČINA VELIKE LAŠČE,Anton Zakrajšek,SDS - SLOVENSKA DEMOKRATSKA STRANKA
OBČINA VERŽEJ,Mojca Šijanec,ROK ČIRIČ
OBČINA VERŽEJ,Slavko Petovar,SLS - SLOVENSKA LJUDSKA STRANKA
OBČINA VIDEM,Franc Sitar,Mijo Bračko in skupina volivcev
OBČINA VIDEM,Brane Kolednik,SMS - STRANKA MLADIH - ZELENI EVROPE
OBČINA VIDEM,Boris Novak,Borut Novak in skupina volivcev
OBČINA VIDEM,Božidar Varnica,DESUS - DESUS - DEMOKRATIČNA STRANKA UPOKOJENCEV SLOVENIJE
OBČINA VIDEM,Dušan Pernek,NSI - NOVA SLOVENIJA - KRŠČANSKI DEMOKRATI
OBČINA VIDEM,Friderik Bračič,SLS - SLOVENSKA LJUDSKA STRANKA
OBČINA VIDEM,Branko Marinič,SDS - SLOVENSKA DEMOKRATSKA STRANKA
OBČINA VIPAVA,Jožko Andlovic,"SLOVENSKA DEMOKRATSKA STRANKA - SDS, KONFERENCA OBČINSKEGA ODBORA VIPAVA"
OBČINA VIPAVA,Nataša Nardin,UROŠ JANEŽIČ IN SKUPINA VOLIVCEV
OBČINA VIPAVA,Goran Kodelja,SONJA LUKIN IN SKUPINA VOLIVCEV
OBČINA VIPAVA,Ivan Princes,MATEJ HOSTA IN SKUPINA VOLIVCEV
OBČINA VITANJE,Simon Golenač,PETER GOLENAČ IN SKUPINA VOLIVCEV
OBČINA VITANJE,Mirko Polutnik,MAJDA POLUTNIK IN SKUPINA VOLIVCEV
OBČINA VITANJE,Slavko Vetrih,SLS - SLOVENSKA LJUDSKA STRANKA
OBČINA VITANJE,Andraž Pogorevc,ANITA POGOREVC IN SKUPINA VOLIVCEV
OBČINA VODICE,Aco Franc Šuštar,MARJAN PODGORŠEK IN SKUPINA VOLIVCEV
OBČINA VOJNIK,Branko Petre,NSI - NOVA SLOVENIJA - KRŠČANSKI DEMOKRATI                                                                         SDS - SLOVENSKA DEMOKRATSKA STRANKA
OBČINA VRANSKO,Franc Sušnik,SDS - SLOVENSKA DEMOKRATSKA STRANKA
OBČINA VRANSKO,Arnold Marko,"ANUŠKA KRIŽNIK IN SKUPINA VOLIVCEV ""ZA NOV ZAGON"""
OBČINA VRHNIKA,Peter Gabrovšek,Peter Gabrovšek in skupina volivcev
OBČINA VRHNIKA,Viktor Sladič,Grega Kukec in skupina volivcev
OBČINA VRHNIKA,Daniel Cukjati,Daniel CUKJATI in skupina volivcev
OBČINA VUZENICA,Franjo Golob,DANICA GOLOB IN SKUPINA VOLIVCEV
OBČINA ZAGORJE OB SAVI,Bojan Simončič,NSI - NOVA SLOVENIJA - KRŠČANSKI DEMOKRATI
OBČINA ZAGORJE OB SAVI,Matjaž Švagan,ZGN - ZAGORJE GRE NAPREJ - ZDRUŽENJE ZA NAPREDEK ZASAVJA
OBČINA ZAGORJE OB SAVI,Željko Železnik,SD - SOCIALNI DEMOKRATI
OBČINA ZAGORJE OB SAVI,Slavko Jelševar,SLS - SLOVENSKA LJUDSKA STRANKA
OBČINA ZAVRČ,Janko Lorbek,SLS - SLOVENSKA LJUDSKA STRANKA
OBČINA ZAVRČ,Slavko Pravdič,NSI - NOVA SLOVENIJA - KRŠČANSKI DEMOKRATI
OBČINA ZAVRČ,Robert Vuzem,JOŽEF TEŽAK IN SKUPINA VOLIVCEV
OBČINA ZREČE,Milan Potočnik,VOLILNA KONVENCIJA OBČINSKE ORGANIZACIJE SD ZREČE
OBČINA ZREČE,Boris Podvršnik,"SDS SLOVENSKA DEMOKRATSKA STRANKA, KONFERENCA OO SDS ZREČE"
OBČINA ŽALEC,Janko Kos,Volilna konvencija Občinske organizacije socialnih demokratov Žalec
OBČINA ŽALEC,Matjaž Krk,"Slovenska demokratska stranka - SDS, Konferenca OO SDS Žalec"
OBČINA ŽELEZNIKI,Anton Luznar,SLS
OBČINA ŽETALE,Anton Butolen,JOŽE KRIVEC IN SKUPINA VOLIVCEV
OBČINA ŽIRI,Andrej Poljanšek,SDS - SLOVENSKA DEMOKRATSKA STRANKA
OBČINA ŽIRI,Janez Žakelj,NSI - NOVA SLOVENIJA - KRŠČANSKI DEMOKRATI
OBČINA ŽIROVNICA,Leopold Pogačar,"Miran Dolar in skupina volivcev ""Neodvisna lista za Žirovnico"""
OBČINA ŽIROVNICA,Mojca Vene,"Franc Zavodnik in skupina volivcev ""Lista za vasi pod Stolom"""
OBČINA ŽUŽEMBERK,Jože Papež,NSI - NOVA SLOVENIJA - KRŠČANSKI DEMOKRATI
OBČINA ŽUŽEMBERK,Darko Pucelj,DD - DOBRA DRŽAVA
OBČINA ŽUŽEMBERK,Franc Škufca,FRANC ŠKUFCA IN SKUPINA VOLIVCEV
